"","NG.A3080_CONTROL_STG_2024_001_D1","NG.A3080_CONTROL_STG_2024_001_D5","NG.A3080_CONTROL_STG_2024_001_D90","NG.A3080_CONTROL_STG_2024_002_D1","NG.A3080_CONTROL_STG_2024_002_D5","NG.A3080_CONTROL_STG_2024_002_D90","NG.A3080_CONTROL_STG_2024_003_D1","NG.A3080_CONTROL_STG_2024_003_D5_rep","NG.A3080_CONTROL_STG_2024_003_D90","NG.A3080_CONTROL_STG_2024_004_D1_rep","NG.A3080_CONTROL_STG_2024_004_D5","NG.A3080_CONTROL_STG_2024_004_D90","NG.A3080_CONTROL_STG_2024_005_D1_rep","NG.A3080_SOS_STG_2023_022_D1","NG.A3080_SOS_STG_2023_022_D90","NG.A3080_SOS_STG_2023_033_D1","NG.A3080_SOS_STG_2023_033_D5","NG.A3080_SOS_STG_2023_033_D90","NG.A3080_SOS_STG_2023_035_D1","NG.A3080_SOS_STG_2024_009_D1","NG.A3080_SOS_STG_2024_009_D90","NG.A3080_SOS_STG_2024_011_D5","NG.A3080_UIA_STG_2023_001_D1","NG.A3080_UIA_STG_2023_001_D90","NG.A3080_UIA_STG_2023_004_D1","NG.A3080_UIA_STG_2023_005_D1_rep","NG.A3080_UIA_STG_2023_005_D5_rep","NG.A3080_UIA_STG_2023_005_D90_rep","NG.A3080_UIA_STG_2023_007_D1_rep","NG.A3080_UIA_STG_2023_007_D5_rep","NG.A3080_UIA_STG_2023_007_D90_rep","NG.A3080_UIA_STG_2024_014_D1_rep","NG.A3080_UIA_STG_2024_014_D5_rep","NG.A3080_UIA_STG_2024_014_D90"
"k__Bacteria|p__Bacteroidota|c__Bacteroidia|o__Bacteroidales|f__Bacteroidaceae",0.479114520885479,0.206256856311707,0.563242816214081,0.0901451802903606,0.087565,0.067377730489078,0.143936856063144,0.184632707571047,0.0659079340920659,0.0852745116470699,0.152065,0.0541499458500542,0.128439871560128,0.248686994747979,0.178674893374467,0.207525377423868,0.0614444915559324,0.211521365435904,0.390834781669563,0.0405154051540515,0.385229073854631,0.116026651920044,0.264495884032928,0.112136560682803,0.771366371801769,0.121786634640096,0.119406,0.304609781560874,0.057161,0.13001965009825,0.0809018381963236,0.0569499430500569,0.0427280427280427,0.298784195136781
"k__Bacteria|p__Bacillota_A|c__Clostridia|o__Lachnospirales|f__Lachnospiraceae",0.222291777708222,0.160469444224998,0.139314696573483,0.165613331226662,0.124926,0.175901296394814,0.258748741251259,0.13592804850366,0.171030828969171,0.261418568511411,0.216752,0.172926827073173,0.482893517106483,0.246910987643951,0.290776453882269,0.357090928727214,0.261991095928767,0.35780792657622,0.200663401326803,0.189459894598946,0.147050264748676,0.296740109779671,0.194906440748474,0.260904304521523,0.0982174106955358,0.310681067956796,0.010796,0.0322368710525158,0.278843,0.0197580987904939,0.0181159637680725,0.00943799056200944,0.00867400867400867,0.215988863955456
"k__Bacteria|p__Bacillota_A|c__Clostridia|o__Oscillospirales|f__Ruminococcaceae",0.0938429061570938,0.120913088217794,0.0669713348566743,0.121395242790486,0.081855,0.0897986408054368,0.0892029107970892,0.221277451057843,0.146034853965146,0.10165660993966,0.084857,0.102912897087103,0.106816893183107,0.104609418437674,0.115888579442897,0.106281681154957,0.0607244857958864,0.104069687790937,0.0329680659361319,0.056560565605656,0.0741576292118539,0.256180231459306,0.0848703210374317,0.058959294796474,0.0355067869592782,0.0352158943523169,0,0,0.09311,0,0,0,0,0.0334561338245353
"k__Bacteria|p__Bacillota_A|c__Clostridia|o__Oscillospirales|f__Acutalibacteraceae",0.00692999307000693,0.050691456223106,0.00923504617523087,0.041990083980168,0.107987,0.138025447898208,0.187993812006188,0.12755710710025,0.133264866735133,0.173418040508243,0.112938,0.143256856743143,0.0983579016420984,0.0718392873571494,0.120774603873019,0.0344818965543103,0.0300672405379243,0.0337648987053039,0.00141700283400567,0.0627306273062731,0.101474492627537,0.0205289384131848,0.0639424884600923,0.165784828924145,0.00926094443433339,0.0970627088118736,0,0,0.139088,0,0,0,0,0.00287201148804595
"k__Bacteria|p__Bacillota|c__Bacilli|o__Lactobacillales|f__Streptococcaceae",0.000247999752000248,0.00217701959317634,0.0012440062200311,0.00218800437600875,0.001345,0.00156599373602506,0.00946199053800946,0.0458636789542473,0.00363399636600363,0.00218701312207873,0.003839,0.0011949988050012,0.00231399768600231,0.0064940259761039,0.00120100600503002,0.0330949007152978,0.149548196385571,0.0291729124812626,0,0.00857108571085711,0.00974095129524352,0.0148339554981335,0.0035749714002288,0.000445002225011125,0.00164499013005922,0.000695997912006264,0.315534,0.204562181751273,0.012027,0.229738148690743,0.172321655356689,0.407739592260408,0.397978397978398,0
"k__Bacteria|p__Bacillota_A|c__Clostridia|o__Oscillospirales|f__Oscillospiraceae",0.0182769817230183,0.0850807657268915,0.0284741423707119,0.018989037978076,0.100784,0.0177689289242843,0.0732239267760732,0.0891213761503669,0.147797852202148,0.028751172507035,0.026981,0.119105880894119,0.0184739815260185,0.0705152820611282,0.0399771998859994,0.036995889012333,0.129832038656309,0.0380768857693427,0.0286510573021146,0.0559385593855939,0.0264108679456603,0.0268689193932418,0.0216998264013888,0.0372891864459322,0.0044249734501593,0.0273959178122466,0,0,0.052159,0,0,0,0,0.038561154244617
"k__Bacteria|p__Actinomycetota|c__Actinomycetes|o__Actinomycetales|f__Bifidobacteriaceae",0,0,0.000587002935014675,0.333638667277335,0.238353,0.184010263958944,0.00313399686600313,0.00446096877321859,0.00111699888300112,0.00768004608027648,0.010692,0.0426659573340427,0.00141199858800141,0.0242780971123884,0.00475102375511877,0.0016109951670145,0.00308802470419763,0.00164999505001485,0.0139590279180558,0.0808428084280843,0.00384598077009615,0.00360398918803244,0.00907292741658067,0.0006560032800164,0.0111279332324006,0.258428224715326,0.007042,0.0304548781804873,0.022409,0.00085800429002145,0.000153999692000616,0.00245599754400246,0.00124900124900125,0
"k__Bacteria|p__Actinomycetota|c__Coriobacteriia|o__Coriobacteriales|f__Coriobacteriaceae",0.00913099086900913,0.00769106921962298,0.00728203641018205,0.0573351146702293,0.088192,0.0651547393810425,0.0146819853180147,0.0317017780875534,0.0292439707560292,0.032083192499155,0.010116,0.100580899419101,0.00562099437900562,0.0205330821323285,0.00285101425507128,0.0271769184692446,0.0656045248361987,0.0291999124002628,0.00094500189000378,0.0235682356823568,0,0.0156229531311406,0.120587035303718,0.00839004195020975,0.00481997108017352,0.0345388963833108,0,0,0.036056,0,0,0,0,0.00194500778003112
"k__Bacteria|p__Actinomycetota|c__Actinomycetes|o__Actinomycetales|f__Micrococcaceae",0,0,0,0,0,0,0,0,0,0,0,0,0,0,0,0,0.0001750014000112,0,0,0,9.399953000235e-05,0,4.6999624003008e-05,0,0,0,0.093087,0.0187539249843001,0.000465,0.129547647738239,0.0238289523420953,0.2002687997312,0.1999191999192,0
"k__Bacteria|p__Bacteroidota|c__Bacteroidia|o__Bacteroidales|f__Rikenellaceae",0.000593999406000594,0.00263502371521344,0.000753003765018825,0.0105140210280421,0.025703,0.0175059299762801,0.0228689771310229,0.0174508778438551,0.0257059742940257,0.029527177163063,0.037902,0.0434479565520435,0.0118529881470119,0.0419861679446718,0.020759103795519,0.000156999529001413,0.00597604780838247,0.000104999685000945,0.067754135508271,0.0323473234732347,0.0190879045604772,0.00358398924803226,0.000855993152054784,0.00114200571002855,0.011638930166419,0.00988497034508896,0,0,0.091395,0,0,0,0,0.00745502982011928
"k__Bacteria|p__Bacillota_C|c__Negativicutes|o__Veillonellales|f__Veillonellaceae",0,0,0,0,0,0,0,0,0,0,0,0,7.999992000008e-05,0.0049310197240789,0.00057800289001445,0.000753997738006786,0.00556704453635629,0.00107099678700964,0,0,0.0007319963400183,0.00175099474701576,0,0,0,0,0.146553,0.104069583721665,0,0.103250516252581,0.0410909178181644,0.0866149133850866,0.0625940625940626,0
"k__Bacteria|p__Bacillota_I|c__Bacilli_A|o__Erysipelotrichales|f__Coprobacillaceae",0.0355109644890355,0.0141301271711445,0.0197550987754939,0.0187700375400751,0.012958,0.0328498686005256,0.000626999373000627,0.000732994869035917,0.00442599557400443,0.0172461034766209,0.037512,0.00313999686000314,0.00146099853900146,0.00642402569610279,0.0034880174400872,0.0133439599681201,0.0145491163929311,0.0126769619691141,0.0154760309520619,0.0054880548805488,0.00294498527507362,0.0315349053952838,0.0314667482660139,0.0190930954654773,0.000573996556020664,0.0481598555204334,0,0,0.017111,0.00060600303001515,0,0,0,0.0172580690322761
"k__Bacteria|p__Pseudomonadota|c__Gammaproteobacteria|o__Enterobacterales|f__Enterobacteriaceae",0,0.000222001998017982,0,0,0.000193,0.000124999500002,0.000484999515000485,0.000550996143026999,0.00210799789200211,0,0.000632,0.000470999529000471,0,0.0152880611522446,0.000539002695013475,0.039446881659355,0.0605744845958768,0.0413078760763718,0.0963251926503853,0.0117241172411724,0.0127949360253199,0.000131999604001188,7.7999376004992e-05,7.1000355001775e-05,0,4.0999877000369e-05,0,0.00028499886000456,0.002298,0,0,0,0,0.147890591562366
"k__Bacteria|p__Bacillota_I|c__Bacilli_A|o__Erysipelotrichales|f__Erysipelotrichaceae",0.0131339868660131,0.0128411155700401,0.00984304921524607,0.00046000092000184,0.003523,0.000596997612009552,0.0103029896970103,0.00150998943007399,0.00943199056800943,0.00389702338214029,0.012271,0.0105659894340106,0.00795599204400796,0.00250201000804003,0.000791003955019775,0.0907877276368171,0.0571304570436564,0.0861937414187757,0.0147800295600591,0.0189671896718967,0.0085799571002145,0.00474998575004275,0.00925592595259238,0.00594302971514858,0.00562196626820239,0.000914997255008235,0,0.00391498434006264,0.001641,0.00272201361006805,0,0.000635999364000636,0.00058000058000058,0.0200530802123208
"k__Bacteria|p__Bacteroidota|c__Bacteroidia|o__Bacteroidales|f__Tannerellaceae",0.0139019860980139,0.0262362361261251,0.00713803569017845,0.00221000442000884,0.003,0.0046749813000748,0.00308099691900308,0.00542996199026607,0.00334099665900334,0.0234031404188425,0.043576,0.0170519829480171,0.0204019795980204,0.017378069512278,0.00673703368516842,0.0178469464591606,0.025515204121633,0.018551944344167,0.0209420418840838,0.00617506175061751,0.0243898780506097,0.00226099321702035,0.00126998984008128,0.00244701223506118,0.00137599174404954,0.0105469683590949,0.006047,0.00156699373202507,0.004927,0.0039480197400987,0.000171999656000688,0.00125599874400126,0.00196900196900197,0.0636912547650191
"k__Bacteria|p__Pseudomonadota|c__Gammaproteobacteria|o__Burkholderiales|f__Neisseriaceae",0,0,0,0,0,0,0,0,0,0,0,0,0,0,0,0,0,0,0,0,0,0,0,0,0,0,0.059288,0,0,0.00918204591022955,0.325171349657301,0,0.00102500102500102,0
"k__Bacteria|p__Actinomycetota|c__Actinomycetes|o__Actinomycetales|f__Actinomycetaceae",0,0.000174001566014094,0.000233001165005825,0.000472000944001888,0.000237,0.000527997888008448,0.000862999137000863,0.000191998656009408,0.0027979972020028,0,0,0.00697899302100698,0.000124999875000125,0.000126000504002016,0,0.000924997225008325,0.00514404115232922,0.000810997567007299,0,0.0014740147401474,0.000436997815010925,0.00015999952000144,0.000573995408036736,0,0,0,0.028239,0.10752356990572,0.001188,0.121169605848029,0.00756698486603027,0.0479139520860479,0.0455030455030455,0
"k__Bacteria|p__Pseudomonadota|c__Gammaproteobacteria|o__Enterobacterales|f__Succinivibrionaceae",0.0099039900960099,0.0509644586801281,0.0270161350806754,0.0270730541461083,0.011004,0.0842306630773477,0,0,0,0,0,0,0,0,0,0,0,0,0,0,0,0,0.0158268733850129,0.0849004245021225,0.000231998608008352,0,0,0,0,0,0,0,0,0
"k__Bacteria|p__Bacillota_A|c__Clostridia|o__TANB77|f__CAG-508",0.00251699748300252,0.0354923194308749,0.0068840344201721,0,0,0.000702997188011248,0.000972999027000973,0,0.00704999295000705,0.00876805260831565,0.00858,0.000224999775000225,0.00503799496200504,0.00591702366809467,0.0555832779163896,0,0,0,0,0.0395863958639586,0,0.00163699508901473,0.0165228678170575,0.0295641478207391,0.00102899382603704,0.00279799160602518,0,0.000917996328014688,0.070043,0.00684903424517123,0,0.00237299762700237,0.000516000516000516,0
"k__Bacteria|p__Pseudomonadota|c__Gammaproteobacteria|o__Enterobacterales|f__Pasteurellaceae",0,0,0,0,0,0,0,0,0,0,0,0,0,0.00015500062000248,8.200041000205e-05,0.000506998479004563,0,0.00108599674200977,0,0,0.000772996135019325,8.3999748000756e-05,0,0,0,0,0.046544,0.00767596929612282,0.001359,0.0397341986709934,0.160196679606641,0.00945599054400946,0.0404630404630405,0
"k__Bacteria|p__Actinomycetota|c__Coriobacteriia|o__Coriobacteriales|f__Eggerthellaceae",0.00767899232100768,0.00561905057145514,0.0039240196200981,0.00902201804403609,0.006715,0.0130259478962084,0.00407699592300408,0.00416897081720428,0.00895499104500896,0.0135580813484881,0.007897,0.0414529585470415,0.00478299521700478,0.00407001628006512,0.00211001055005275,0.00253099240702278,0.00682705461643693,0.00270399188802434,0.0450990901981804,0.00852608526085261,0.000740996295018525,0.0103829688510934,0.00893792849657203,0.0013160065800329,0.000746995518026892,0.00721897834306497,0,0.00288598845604618,0.00907,0.00014200071000355,0,0,0.000126000126000126,0.00609802439209757
"k__Bacteria|p__Bacillota_A|c__Clostridia|o__Peptostreptococcales|f__Anaerovoracaceae",0.00196699803300197,0.00422303800734207,0.00164500822504113,0.00161900323800648,0.009702,0.00217099131603474,0.00658899341100659,0.00367497427518007,0.00566699433300567,0.0198741192447155,0.024332,0.0243219756780243,0.00334799665200335,0.00228600914403658,0.00213001065005325,0.00898397304808085,0.0167281338250706,0.00955397133808598,0.00573001146002292,0.0043540435404354,0.001279993600032,0.00323599029202912,0.00239698082415341,0.00314901574507873,0.000158999046005724,0.00168099495701513,0.000613,0.0287708849164603,0.002571,0.00979404897024485,0.00150499699000602,0.00742399257600742,0.00496900496900497,0.000713002852011408
"k__Bacteria|p__Bacillota_C|c__Negativicutes|o__Acidaminococcales|f__Acidaminococcaceae",0.014988985011015,0.0250462254160287,0.0167570837854189,0.00679501359002718,0.00922,0.00345398618405526,0.0213689786310214,0.010835924148531,0.0128609871390129,0,0,0,0,0.00702802811211245,0.00415102075510378,0.00835397493807519,0.00432903463227706,0.00860797417607747,0,0.00653706537065371,0.0097919510402448,0.0140869577391268,0.00817693458452332,0.011358056790284,0.00352897882612704,0.00807897576307271,0,0,0.001743,0,0,0,0,0
"k__Bacteria|p__Bacillota_C|c__Negativicutes|o__Selenomonadales|f__Selenomonadaceae",0.0261199738800261,0.0346563119068072,0.0481512407562038,0,0,0,0,0,0,0,0,0,0,0,0,0,0,0,0,0,0,0,0.0435856513147895,0.0473092365461827,0,0,0.002589,0.00317298730805077,0,0.00501902509512548,0,0.00353599646400354,0.000848000848000848,0
"k__Bacteria|p__Bacillota|c__Bacilli|o__Lactobacillales|f__Aerococcaceae",0,0,0,0,0,0,0,7.6999461003773e-05,0,0,0,0,0.000190999809000191,0.000916003664014656,0,0.000781997654007038,0.00424803398427187,0.000442998671003987,0,0,0,0.00118699643901068,0,0,0,0,0.066903,0.00792996828012688,0,0.0132890664453322,0.0428559142881714,0.0294969705030295,0.0451660451660452,0
"k__Bacteria|p__Bacteroidota|c__Bacteroidia|o__Bacteroidales|f__Barnesiellaceae",0,0,0,0.000984001968003936,0.003386,0.00390498438006248,0.00808899191100809,0.00410297127920105,0.00407499592500407,0.0276271657629946,0.025272,0.0145799854200146,0.0174529825470175,0.022625090500362,0.0104920524602623,0,0,0,0,0.0026520265202652,0.00695096524517377,0.00761197716406851,0.000361997104023168,0.0005800029000145,0.000886994678031932,0.00215199354401937,0,0,0.000552,0,0,0,0,0.0133170532682131
"k__Bacteria|p__Bacillota_A|c__Clostridia|o__Christensenellales|f__Aristaeellaceae",0.00113699886300114,0.00345103105927953,0.000761003805019025,0,0.001779,0.00024499902000392,0.0102809897190103,0.0160378877347859,0.0336719663280337,0.00129100774604648,0.016227,0.0266569733430267,0.0165679834320166,0.00359001436005744,0.00264301321506607,0.00158999523001431,0.00283202265618125,0.00186599440201679,0,0.0141961419614196,0.0017319913400433,0.00198099405701783,0.00528395772833818,0.00251901259506298,0.000307998152011088,6.3999808000576e-05,0,0,0.01061,0,0,0,0,0
"k__Bacteria|p__Pseudomonadota|c__Alphaproteobacteria|o__RF32|f__CAG-239",0.000193999806000194,0.000569005121046089,0,0.000427000854001708,0.000541,0.00480698077207691,0.00234499765500235,7.7999454003822e-05,0.01000998999001,0.0622793736762421,0.062538,0.0107909892090108,0.00728499271500729,0,0,0,0,0,0,0,0,0.000653998038005886,0,0,0.000501996988018072,0.00329899010302969,0,0,0.007714,0,0,0,0,0.000539002156008624
"k__Bacteria|p__Bacillota_C|c__Negativicutes|o__Veillonellales|f__Dialisteraceae",0.000247999752000248,0.000184001656014904,0.000520002600013,0.020238040476081,0.007999,0.00924196303214787,0,0,7.8999921000079e-05,0.000134000804004824,0,0,0.00786099213900786,0,0,0,9.4000752006016e-05,0,0.00750801501603003,0.0340523405234052,0.00121799391003045,0,0.0387106903144775,0.016120080600403,0.0153819077085537,0,0.000354,0.00124299502801989,0.00901,0.000575002875014375,0.000136999726000548,0.000274999725000275,0.0002000002000002,0
"k__Bacteria|p__Bacteroidota|c__Bacteroidia|o__Bacteroidales|f__UBA932",0.00204299795700204,0.0247102223920015,0.00365801829009145,0,0,0,0.0468169531830468,0.0285168003823973,0.0261949738050262,0,0,0,0.00296999703000297,0,0,0,0,0,0,0.00619406194061941,0.0026559867200664,0,0.00284897720818234,0.0169520847604238,0,0,0,0,0,0,0,0,0,0
"k__Bacteria|p__Bacillota|c__Bacilli|o__Lactobacillales|f__Enterococcaceae",0,0,0,0,0.000232,0,0.000548999451000549,0.0166078837448138,0.000310999689000311,0,0.000107,0,0,0.000248000992003968,0,0,0,0,0.00201800403600807,0.0114091140911409,0.036760816195919,0.0863977408067776,0,0,0,0,0,0,0.001319,0,0,0,0,0
"k__Bacteria|p__Bacteroidota|c__Bacteroidia|o__Bacteroidales|f__Marinifilaceae",0.00287799712200288,0.00706306356757211,0.00160900804504023,0.00176100352200704,0.002347,0.00154799380802477,0.00387099612900387,0.00207598546810172,0.0027009972990027,0.0237131422788537,0.033914,0.00692799307200693,0.00267599732400268,0.0114650458601834,0.00449702248511243,0,0,0,0,0.00736007360073601,0.0168089159554202,0.00170799487601537,0.00131498948008416,0.00230101150505753,0.000547996712019728,0.0014999955000135,0,0,0.004664,0,0,0,0,0.000643002572010288
"k__Bacteria|p__Pseudomonadota|c__Gammaproteobacteria|o__Burkholderiales|f__Burkholderiaceae",0.00616199383800616,0.0094900854107687,0.00513102565512828,0.00856501713003426,0.004622,0.00377898488406046,0.00170699829300171,0.00359097486317596,0.00291499708500292,0.00430602583615502,0.003165,0.00656599343400657,0.00471399528600472,0.00613802455209821,0.00161400807004035,0.000635998092005724,0.000887007096056768,0.000885997342007974,0,0.0024090240902409,0.00184999075004625,0.0106969679090963,0.00061999504003968,0.00123100615503078,0.00266998398009612,0.00180699457901626,0.012166,0.00575497698009208,0.005462,0.00242101210506053,0.00674598650802698,0.0031959968040032,0.0024980024980025,0.0111090444361777
"k__Bacteria|p__Bacillota|c__Bacilli|o__Lactobacillales|f__Lactobacillaceae",0,0,0.000387001935009675,0.00122800245600491,0.000525,0.00153399386402454,0.000324999675000325,0.00030999783001519,0.00101099898900101,0.000942005652033912,0.000326,0.0002999997000003,0,0.00130800523202093,0,0,0.00540304322434579,0,0,0.002830028300283,0.0877515612421938,0.00506798479604561,0.00286397708818329,0.00129000645003225,0,0,0.017207,0.00529297882808469,0.000486,0,0,0.0011959988040012,0.000468000468000468,0
"k__Bacteria|p__Bacteroidota|c__Bacteroidia|o__Bacteroidales|f__Porphyromonadaceae",0,0,0,0,0,0,0,0,0.00182999817000183,0,0,6.6999933000067e-05,0,0,0,0,0,0,0,0.0001760017600176,0,0,0,0,0,0,0.011554,0.00237999048003808,0,0.00484502422512113,0.0598538802922394,0.0351899648100352,0.0114940114940115,0
"k__Bacteria|p__Bacillota_A|c__Clostridia|o__Christensenellales|f__CAG-138",0.000286999713000287,0.0190361713255419,0,0,0,0,0.00697999302000698,0.00732594871835897,0.015046984953015,0,0,0,0,0.0041560166240665,0.00150900754503772,0,0,0,0,0.0629266292662927,0.000216998915005425,7.0999787000639e-05,0,0.00499502497512488,0,0,0,0,0.004084,0,0,0,0,0.00032000128000512
"k__Bacteria|p__Actinomycetota|c__Coriobacteriia|o__Coriobacteriales|f__Atopobiaceae",0.00341699658300342,0.00302402721624495,0.0058440292201461,0.0134420268840538,0.01572,0.00954896180415278,0,0,0.000157999842000158,0,0,0,0,0,0,0.000513998458004626,0.00188501508012064,0.000366998899003303,0,0,0,0.000416998749003753,0.00580995352037184,0.0002040010200051,0.000296998218010692,0.000706997879006363,0.01044,0.0367048531805873,0.000182,0.00961304806524033,0.00218099563800872,0.00345299654700345,0.00114300114300114,0
"k__Bacteria|p__Bacillota_A|c__Clostridia|o__Christensenellales|f__Borkfalkiaceae",0,0.000825007425066826,0,8.6000172000344e-05,0.000906,0.000198999204003184,0.00147399852600147,0.000251998236012348,0.0012969987030013,0.00174001044006264,0.002713,0.00169199830800169,0.00140899859100141,0.00210500842003368,0.0020120100600503,0.000177999466001602,0.00019000152001216,0.000177999466001602,0,0.0016830168301683,0.00026999865000675,6.7999796000612e-05,0.000160998712010304,0.00131900659503298,0,0.000872997381007857,0,0,0.00138,0,0,0,0,0.0883683534734139
"k__Bacteria|p__Bacillota|c__Bacilli|o__Staphylococcales|f__Gemellaceae",0,0,0,0,0,0,0,0,0,0,0,0,0,0,0,0.000184999445001665,0.00224001792014336,0,0,0.0002710027100271,0,0,0,0,0,0,0.006566,0.00360198559205763,0,0.0031280156400782,0,0.0218099781900218,0.0710880710880711,0
"k__Bacteria|p__Cyanobacteriota|c__Vampirovibrionia|o__Gastranaerophilales|f__Gastranaerophilaceae",0.00581399418600581,0.00119301073709663,0.000869004345021725,4.9000098000196e-05,9.3e-05,0.00550297798808805,0,0,0,0.0185591113546681,0.017092,0.000422999577000423,0.0164899835100165,0,0,0,0,0,0,0,0,0.000148999553001341,0.000323997408020736,0.0404852024260121,0,5.1999844000468e-05,0,0,0.001769,0,0,0,0,0
"k__Bacteria|p__Bacillota_I|c__Bacilli_A|o__RF39|f__UBA660",0,0,0.00019000095000475,0,0,0,0.0104939895060105,0.000743994792036456,0.0086979913020087,0,0,0,0.000774999225000775,0.000173000692002768,0.0104420522102611,0,0,0,0,0.0622576225762258,0.0017559912200439,0,0.00439796481628147,0.00015000075000375,0,0,0,0,0,0,0,0,0,0.000396001584006336
"k__Archaea|p__Methanobacteriota|c__Methanobacteria|o__Methanobacteriales|f__Methanobacteriaceae",0,0,0,0,0,0,0.00166199833800166,0.00113699204105571,0.00828299171700828,0,0,0,0,0.00245100980403922,0.00696703483517418,0,0,0,0,0.0380583805838058,0.00220598897005515,0.000348998953003141,0.00315497476020192,0.0102550512752564,0,0,0,0,0.016475,0,0,0,0,0.00658702634810539
"k__Bacteria|p__Bacteroidota|c__Bacteroidia|o__Bacteroidales|f__Muribaculaceae",0.00345599654400346,0.011950107550968,0.00347301736508683,0.0198590397180794,0.00476,0.0103269586921652,0,0,0,0,0,0,0,0.00492101968407874,0.0151010755053775,0,0,0,0,0,0,0,0.0050109599123207,0.00273501367506838,0.0114539312764123,0,0,0,0,0,0,0,0,0
"k__Bacteria|p__Bacillota_I|c__Bacilli_A|o__RFN20|f__CAG-288",0,0,0,0.0149540299080598,0.029512,0.0376388494446022,0,0,0,0,0,0,0,0,0,0,0,0,0,0,0,0,0,0.000233001165005825,0,0,0,0,0.010013,0,0,0,0,0
"k__Bacteria|p__Bacillota_A|c__Clostridia|o__Clostridiales|f__Clostridiaceae",0.000111999888000112,0,0.00018600093000465,0,0,0.000305998776004896,0.000572999427000573,0.00015999888000784,0.00163299836700163,0.00171201027206163,0.000383,0,0,0.0112840451361805,0.0512602563012815,0.000631998104005688,0.00043500348002784,0.000525998422004734,0,0.0030040300403004,0.000236998815005925,0.0034559896320311,0.00393696850425197,0.00619303096515483,0.000831995008029952,0.00495898512304463,0,0,0,0,0,0,0,0
"k__Bacteria|p__Bacillota_A|c__Clostridia|o__Peptostreptococcales|f__Peptostreptococcaceae",0,0.000147001323011907,0.00190200951004755,0,0.000344,0,0.00203899796100204,0.000972993189047677,0.0038999961000039,0.00500403002418015,0.001243,0.00015999984000016,0,0.00580702322809291,0.010440052200261,0.000247999256002232,0,0.000167999496001512,0,0.014610146101461,0.0020039899800501,0.0284939145182564,0.00285097719218246,0.00155300776503883,0.00100699395803625,0.00015999952000144,0,0.00083499666001336,0,0,0.00554798890402219,0,0.00098000098000098,0
"k__Bacteria|p__Patescibacteria|c__Saccharimonadia|o__Saccharimonadales|f__Nanosynbacteraceae",0,0.000149001341012069,0,0,0,0,7.3999926000074e-05,0,0,0,0,0,0,0,0,0,0,0,0,0,0,0,0,0,0,0,0.000817,0.010872956508174,0,0.0604443022215111,0,0.00585599414400586,0.00272700272700273,0
"k__Bacteria|p__Verrucomicrobiota|c__Verrucomicrobiae|o__Verrucomicrobiales|f__Akkermansiaceae",0,6.1000549004941e-05,0,0,0,0,0.00025999974000026,0,0.0161979838020162,0,0,0,0.00229099770900229,0,0.00233901169505847,0,0,0,0,0.0400614006140061,0.00234098829505852,0.00516298451104647,0,0,0.000555996664020016,0.000547998356004932,0,0,0.006803,0,0,0,0,0
"k__Bacteria|p__Bacillota_A|c__Clostridia|o__Oscillospirales|f__Butyricicoccaceae",0.00387199612800387,0.00270102430921878,0.00238101190505952,0.00197100394200788,0.001461,0.00104599581601674,0.00123299876700123,0.00228598399811201,0.00238799761200239,0.00290901745410472,0.00048,0.0064959935040065,0.00137399862600137,0.00146100584402338,0.0019840099200496,0.0012439962680112,0.00188201505612045,0.00155899532301403,0.00482000964001928,0.0026990269902699,0.00031399843000785,0.00471398585804243,0.00362397100823194,0.00134100670503353,0.000926994438033372,0.00361498915503254,0,0,0.001569,0,0,0,0,0.0105500422001688
"k__Bacteria|p__Bacillota_C|c__Negativicutes|o__Veillonellales|f__Megasphaeraceae",0,0,0,0,0,0,0,0,0,0,0,0,0,0.000371001484005936,0,0,0.000673005384043072,0,0,0,0.0001959990200049,0,0.00288997688018496,0.00028600143000715,0,0,0.010806,0.0466188135247459,0,0.0071400357001785,0.00116899766200468,0.0020979979020021,0.000423000423000423,0
"k__Bacteria|p__Bacillota_A|c__Clostridia|o__Lachnospirales|f__Anaerotignaceae",0.00293199706800293,0.00304402739624657,0.00108700543502718,0.00143600287200574,0.002173,0.0009749961000156,0.000251999748000252,0.000186998691009163,0.000336999663000337,0.00137000822004932,0.004918,0.00104899895100105,0.00386699613300387,0.00191100764403058,0.0006920034600173,0.0029219912340263,0.00426503412027296,0.00323699028902913,0.0210710421420843,0.000701007010070101,0.000374998125009375,0.00877097368707894,0.000391996864025088,0.0007160035800179,0.00100499397003618,0,0,0,0.00131,0,0,0,0,0.000656002624010496
"k__Bacteria|p__Desulfobacterota|c__Desulfovibrionia|o__Desulfovibrionales|f__Desulfovibrionaceae",0.0048009951990048,0.0106820961388652,0.00298201491007455,0.000797001594003188,0.000768,0.00205499178003288,0.000248999751000249,0.000121999146005978,0.000593999406000594,0.00189701138206829,0.001735,0.0037999962000038,0.000941999058000942,0.00112400449601798,0.00035800179000895,0,0,0,0.0153080306160612,0.0016490164901649,0.00078199609001955,0.00112099663701009,0.00464496284029728,0.000789003945019725,0.00129399223604658,0.00157699526901419,0,0,0.001528,0,0,0.00112699887300113,0.000192000192000192,0.00406301625206501
"k__Bacteria|p__Bacteroidota|c__Bacteroidia|o__Bacteroidales|f__UBA11471",0,0,0,0.000233000466000932,0.001034,0.00031999872000512,0.0151399848600151,0.00151498939507423,0.00981599018400982,0.00824004944029664,0.012906,0.00755599244400756,0,0.00132900531602126,0.0021400107000535,0,0,0,0,0,0,0,0,0,6.7999592002448e-05,0,0,0,0,0,0,0,0,0
"k__Bacteria|p__Bacillota_A|c__Clostridia|o__Christensenellales|f__CAG-917",0,0.0254792293130638,8.80004400022e-05,0,0,0,0.00065999934000066,0,0.0294079705920294,0,0,0,0,0,0,0,0,0,0,0,0,0,0,0,0,0,0,0,0.000165,0,0,0,0,0.00039000156000624
"k__Bacteria|p__Bacillota_A|c__Clostridia|o__Christensenellales|f__Christensenellaceae",0.000263999736000264,0.000384003456031104,0.00051800259001295,0.000106000212000424,0.000807,0.000278998884004464,0.000957999042000958,0.000626995611030723,0.000665999334000666,0.0158720952325714,0.010838,0.0116409883590116,0.000240999759000241,0.000669002676010704,0.000763003815019075,0,0.000233001864014912,0,0,0.0020970209702097,0.000880995595022025,0.000661998014005958,0,0.00241001205006025,0,0.00113699658901023,0,0,0.001714,0,0,0,0,0.00091000364001456
"k__Bacteria|p__Bacillota_A|c__Clostridia|o__Tissierellales|f__Peptoniphilaceae",0,0,0,0,0,0,9.2999907000093e-05,0,0.000723999276000724,0,0.00019,0,0,0.00053500214000856,0,0.000322999031002907,0.000746005968047744,9.5999712000864e-05,0.0121000242000484,0.000806008060080601,0.000458997705011475,0.000197999406001782,0,0,0,0,0.000985,0.00140899436402254,0,0.00220201101005505,0.0218509562980874,0.00264699735300265,0.00388700388700389,0
"k__Bacteria|p__Bacteroidota|c__Bacteroidia|o__Flavobacteriales|f__Flavobacteriaceae",0,0,0,0,0,0,0,0,0,0,0,0,0,0,0,0,0,0,0,0,0,0,0,0,0,0,0.015111,0.000260998956004176,0,0.00402202011010055,0.00767698464603071,0.00911999088000912,0.0129350129350129,0
"k__Bacteria|p__Fusobacteriota|c__Fusobacteriia|o__Fusobacteriales|f__Fusobacteriaceae",0,0,0,0,0,0,0,0,0,0,0,0,0,0,0,0.000940997177008469,0,0.000806997579007263,0.00163000326000652,7.20007200072001e-05,0.000124999375003125,0,0,0,0,0,0.003948,0.00706197175211299,0,0.0132430662153311,0.00031499937000126,0.00622299377700622,0.0123190123190123,0
"k__Bacteria|p__Bacillota_A|c__Clostridia|o__Oscillospirales|f__CAG-272",0,0.000383003447031023,0,0,0,0,0.0047989952010048,0.00132799070406507,0.00827199172800827,0.000686004116024696,0.000499,0.000353999646000354,0.000895999104000896,0.00164500658002632,0.00523002615013075,0.000864997405007785,0.00635205081640653,0.000890997327008019,0,0.0042370423704237,0,0,0.000296997624019008,0.00121300606503033,0,0,0,0,0.001675,0,0,0,0,0
"k__Bacteria|p__Bacillota_A|c__Clostridia|o__UBA1381|f__UBA9506",0,0,0,0,0,0,0.0117919882080118,0.015836889141776,0.00602699397300603,0,0,0,0,0,0,0,0,0,0,0,0,0,0,0,0,0,0,0,0,0,0,0,0,0
"k__Bacteria|p__Bacillota_A|c__Clostridia|o__UBA1381|f__UBA1381",0,0,0,0.00190600381200762,0.000615,0.00237299050803797,0.00329299670700329,0.000503996472024696,0.00563799436200564,0.00093000558003348,0.001303,0.00306099693900306,0.00623899376100624,0.000581002324009296,0.000619003095015475,0,0.000117000936007488,0,0,0.000657006570065701,0.000744996275018625,0,0.000322997416020672,0.00096200481002405,0.00036499781001314,0.000675997972006084,0,0,0.000256,0,0,0,0,0
"k__Bacteria|p__Campylobacterota|c__Campylobacteria|o__Campylobacterales|f__Campylobacteraceae",0,0,0,0,0,0,0,0,0.000141999858000142,0,0,0,0,0,0,0.000266999199002403,0,0,0,0,0,0,0,0,0,0,0.001487,0.00351298594805621,0,0.0161340806704034,0.00342799314401371,0.00213299786700213,0.00272100272100272,0
"k__Bacteria|p__Spirochaetota|c__Spirochaetia|o__Treponematales|f__Treponemataceae",0,0,0,0,0,0,0,0,0,0,0,0,0,0,0,0,0,0,0,0,0,0,0,0,0,0,0.001001,0,0,0.00282601413007065,0.000755998488003024,0.0181809818190182,0.00462900462900463,0
"k__Bacteria|p__Fusobacteriota|c__Fusobacteriia|o__Fusobacteriales|f__Leptotrichiaceae",0,0,0,0,0,0,0,0,0,0,0,0,0,0,0,0,0,0,0,0,0,0,0,0,0,0,0.001155,0.00163899344402622,0,0.0217221086105431,0,0.000790999209000791,0.00165200165200165,0
"k__Bacteria|p__Patescibacteria|c__Saccharimonadia|o__Saccharimonadales|f__Nanosyncoccaceae",0,0,0,0,0,0,0,0,0,0,0,0,0,0,0,0,0,0,0,0,0,0,0,0,0,0,0,0.0108899564401742,0,0.007520037600188,0,0.00142299857700142,0.00225700225700226,0
"k__Bacteria|p__Bacillota_B|c__Peptococcia|o__Peptococcales|f__Peptococcaceae",0.000336999663000337,0.000564005076045684,0.00080200401002005,0,0,0,0.00275999724000276,0.00553596124827126,0.00481099518900481,0,0,0,0,0,0,0,0,0,0,0,0,0.000118999643001071,0.00356497148022816,0.00138900694503473,0,0,0,0,0,0,0,0,0,0
"k__Bacteria|p__Verrucomicrobiota|c__Lentisphaeria|o__Oligosphaerales|f__Oligosphaeraceae",0.000107999892000108,0.0156891412022708,0.0010240051200256,0,0,0,0,0,0,0,0,0,0,0,0,0,0,0,0,0,0,0,0,0,0,0,0,0,0,0,0,0,0,0
"k__Bacteria|p__Bacillota_A|c__Clostridia|o__Lachnospirales|f__Bianqueaceae",0,0.000183001647014823,0,0.000168000336000672,0.001001,0.000226999092003632,0.000295999704000296,0.000388997277019061,0.000551999448000552,0.00130100780604684,0.00474,0.00322799677200323,0.000218999781000219,0.000587002348009392,0.00053400267001335,0,0,0,0,0.000652006520065201,0.000128999355003225,0.000320999037002889,0.000375996992024064,0.000211001055005275,0,0.00014999955000135,0,0,0.000392,0,0,0,0,0.000744002976011904
"k__Bacteria|p__Bacillota_A|c__Clostridia|o__Christensenellales|f__CAG-314",0,0.000715006435057915,0,0,0,0,0.000163999836000164,0,0,0,0,0,0,0,0.000643003215016075,0,0,0,0,0.00747907479074791,0,0,0,0.0001840009200046,0,0,0,0,0.003297,0,0,0,0,0.00354001416005664
"k__Bacteria|p__Bacillota_I|c__Bacilli_A|o__ML615J-28|f__CAG-313",0,0,0,0,0,0,0.0003999996000004,0,0.0017039982960017,0,0,0,0,0,0.00158900794503973,0,0,0,0,0.00941809418094181,0,0,0,0.000315001575007875,0,0,0,0,0.00245,0,0,0,0,0
"k__Bacteria|p__Pseudomonadota|c__Alphaproteobacteria|o__RF32|f__CAG-977",0,0,0,0,0,0,0,0,0,0,0,0,0,0,0,0,0,0,0,0,0,0,0,0.013278066390332,0,0,0,0,0,0,0,0,0,0
"k__Bacteria|p__Bacillota_A|c__Clostridia|o__Christensenellales|f__QAND01",0.000121999878000122,0.000282002538022842,0.0002640013200066,9.500019000038e-05,0.000323,0.000110999556001776,0.000630999369000631,0.00143398996207027,0.000881999118000882,0.000898005388032328,0.001196,0.0016989983010017,0.000171999828000172,0.000259001036004144,9.60004800024e-05,0.000277999166002502,0.00107700861606893,0.000376998869003393,0,0.000832008320083201,0.00036199819000905,0.000131999604001188,7.8999368005056e-05,0.0002160010800054,0,0.000151999544001368,0,0,0.001106,0,0,0,0,0
"k__Bacteria|p__Bacillota_A|c__Clostridia|o__TANB77|f__CAG-465",0,0.00271802446222016,0,0,0,0,0,0,0,0,0,0,0,0.0038250153000612,0.00649103245516227,0,0,0,0,0,0,0,0,0,0,0,0,0,0,0,0,0,0,0
"k__Bacteria|p__Actinomycetota|c__Coriobacteriia|o__Coriobacteriales|f__UMGS124",0.00226799773200227,0.00122301100709906,0.00184200921004605,0,0,0,0,0.000148998957007301,0.000268999731000269,0,0,0,0.000100999899000101,0,0,0.000498998503004491,0.00128701029608237,0.000526998419004743,0,0,0,0,0.00203298373613011,0.00030200151000755,0.000123999256004464,0.000813997558007326,0,0,0.000848,0,0,0,0,0
"k__Bacteria|p__Bacillota|c__Bacilli|o__MOL361|f__Turicibacteraceae",0,0.000466004194037746,0.000381001905009525,0,0,0,0.000277999722000278,0.000176998761008673,0,0.0061640369842219,0.00044,0.000160999839000161,0,0,0.0002160010800054,0,0,0,0,0.000621006210062101,0.000102999485002575,0.00142799571601285,0.00144798841609267,0.00029400147000735,0,0,0,0,0,0,0,0,0,0
"k__Bacteria|p__Verrucomicrobiota|c__Verrucomicrobiae|o__Opitutales|f__CAG-312",0.000503999496000504,0.000107000963008667,8.1000405002025e-05,0,0,0,0,0,0,0,0,0,0,0,0,0,0,0,0,0,0,0,0,0.0111680558402792,0,0,0,0,0,0,0,0,0,0
"k__Bacteria|p__Bacillota_A|c__Clostridia|o__Lachnospirales|f__CAG-274",0,0,0,0.00141800283600567,0,0.00130399478402086,0,0,0,0.000359002154012924,0,0,0,0,0.00508202541012705,0,0,0,0,0,0,0,0,0,0,0,0,0,0.00301,0,0,0,0,0
"k__Bacteria|p__Patescibacteria|c__JAEDAM01|o__Absconditabacterales|f__Absconditicoccaceae",0,0,0,0,0,0,0,0,0,0,0,0,0,0,0,0,0,0,0,0,0,0,0,0,0,0,0,0,0,0.000269001345006725,0.0108189783620433,0,0,0
"k__Bacteria|p__Bacillota_A|c__Clostridia|o__Christensenellales|f__UBA1750",5.7999942000058e-05,0.000906008154073387,0.0001920009600048,0,0,0,0.000328999671000329,0.00022999839001127,0.000754999245000755,0.00133700802204813,0.002209,0.0027949972050028,0,0.000328001312005248,8.3000415002075e-05,0,0,0,0,0.0004110041100411,0.000412997935010325,0,6.7999456004352e-05,0.000163000815004075,0,0,0,0,0.000434,0,0,0,0,0.000228000912003648
"k__Bacteria|p__Bacillota_A|c__Clostridia|o__Peptostreptococcales|f__Filifactoraceae",0,0,0,0,0,0,0,0,0,0,0,0,0,0,0,0,0,0,0,0,0,0,0,0,0,0,0,0,0,0,0,0.00647999352000648,0.00343900343900344,0
"k__Bacteria|p__Patescibacteria|c__Saccharimonadia|o__Saccharimonadales|f__Saccharimonadaceae",0,0,0,0,0,0,0,0,0,0,0,0,0,0,0,0,0,0,0,0,0,0,0,0,0,0,0,0.000471998112007552,0,0.00563102815514077,0,0.00164999835000165,0.00153500153500153,0
"k__Bacteria|p__Bacteroidota|c__Bacteroidia|o__Flavobacteriales|f__Weeksellaceae",0,0,0,0,0,0,0,0,0,0,0,0,0,0,0,0,0,0,0,0,0,0,0,0,0,0,0.000613,0,0,0.0017480087400437,0.00407899184201632,0,0.00281900281900282,0
"k__Bacteria|p__Bacillota_I|c__Bacilli_A|o__RFN20|f__CAG-826",0.00231099768900231,0.00234102106918962,0.00313301566507833,0,0,0,0,0.000420997053020629,0.000126999873000127,0,0,0,0,0,0,0,0,0,0,0,0,0,0,0,0,0,0,0,0.00061,0,0,0,0,0
"k__Bacteria|p__Bacillota_A|c__Clostridia|o__Oscillospirales|f__CAG-382",0,0.000488004392039528,0.000111000555002775,0,0,0,0.000268999731000269,0.000332997669016317,0.000923999076000924,0.000526003156018936,0.001399,0.00223599776400224,0.000431999568000432,0.00042000168000672,0,0,0,0,0,0.000839008390083901,0.000112999435002825,0,0,0.000203001015005075,0,0,0,0,0.000169,0,0,0,0,0
"k__Bacteria|p__Actinomycetota|c__Actinomycetes|o__Propionibacteriales|f__Propionibacteriaceae",0,0,0,0,0,0,0.000122999877000123,0,0.000432999567000433,0,0,0,0,0,0,0,0,0,0,0,0,9.5999712000864e-05,0,0,0,9.8999703000891e-05,0.000978,0.000801996792012832,0,0.000505002525012625,0.000236999526000948,0.00291599708400292,0.00195800195800196,0
"k__Bacteria|p__Bacillota_A|c__Clostridia|o__Christensenellales|f__Pumilibacteraceae",0.000313999686000314,0,0.0011120055600278,7.8000156000312e-05,0.000278,0,0.000503999496000504,0,0.000148999851000149,0,0,0,0.000324999675000325,0.000868003472013888,0.000739003695018475,0,0,0,0,0.000780007800078001,5.799971000145e-05,0.00031999904000288,0,0.00061800309001545,0,0,0,0,8.2e-05,0,0,0,0,0.00151800607202429
"k__Bacteria|p__Bacteroidota|c__Bacteroidia|o__Bacteroidales|f__Coprobacteraceae",0.000208999791000209,0,0,0.000146000292000584,0.00034,0.000367998528005888,0,0,0,0,0,0,0,0.00158600634402538,0.000885004425022125,0,0,0,0,0.0003350033500335,0,0.00228399314802056,0,9.400047000235e-05,0.000158999046005724,0.000305999082002754,0,0,0.000381,0,0,0,0,0
"k__Bacteria|p__Bacillota_A|c__Clostridia|o__UBA1212|f__UBA1255",0,0,0,0,0,0,0,0,0,0.000698004188025128,0.001747,0.00199199800800199,0.000367999632000368,0,0,0,0,0,0,0.001820018200182,9.799951000245e-05,0,0,0,0,0,0,0,0.00027,0,0,0,0,0
"k__Bacteria|p__Actinomycetota|c__Coriobacteriia|o__Coriobacteriales|f__QAMH01",0,0,0,0.00157900315800632,0.001826,0.00246799012803949,0,0,0,0,0,0,0.000261999738000262,0,0,0,0,0,0,0,0,0.000306999079002763,8.8999288005696e-05,0,0,0,0,0,0.000249,0,0,0,0,0
"k__Bacteria|p__Actinomycetota|c__Actinomycetes|o__Mycobacteriales|f__Mycobacteriaceae",0,0,0,0,0,0,0,0,0,0,0,0,0,0,0,0,0,0.000138999583001251,0,0.0001970019700197,0,0.000187999436001692,0,0,0,0,0,0,0,0.0024640123200616,0,0.00125599874400126,0.00183300183300183,0
"k__Bacteria|p__Bacteroidota|c__Bacteroidia|o__Bacteroidales|f__Paludibacteraceae",0,0,0,0,0,0,0,0,0,0,0,0,0,0,0,0,0,0,0,0,0,0,0,0,0,0,0.001414,0.00113799544801821,0,0.00171900859504298,0.000393999212001576,0,0,0
"k__Bacteria|p__Bacillota_A|c__Clostridia|o__Monoglobales|f__Monoglobaceae",0,0.00116701050309453,0,0,0,0,0.00033999966000034,0.000118999167005831,0,0,0,0,0.0018949981050019,0,0,0,0,0,0,0.000618006180061801,0,0.000137999586001242,0,0.0003400017000085,0,0,0,0,0,0,0,0,0,0
"k__Bacteria|p__Bacillota_A|c__Clostridia|o__Oscillospirales|f__UBA644",0,0,0,0,0.000617,6.999972000112e-05,0.000667999332000668,0.000457996794022442,6.8999931000069e-05,0,0,0,0.000136999863000137,0.00030500122000488,0.000349001745008725,0,0,0,0,0.000958009580095801,0,0,7.5999392004864e-05,0.0002560012800064,0,0,0,0,0.00048,0,0,0,0,0
"k__Bacteria|p__Verrucomicrobiota|c__Lentisphaeria|o__Victivallales|f__Victivallaceae",0,0.000597005373048357,0.0001160005800029,0,0.000462,0.000196999212003152,0.000507999492000508,6.3999552003136e-05,0.000420999579000421,0,0,0,0,0,0,0,0,0,0,0,0,0.000101999694000918,0,0.000949004745023725,0,0.000117999646001062,0,0,0.000401,0,0,0,0,0.000241000964003856
"k__Bacteria|p__Synergistota|c__Synergistia|o__Synergistales|f__Aminobacteriaceae",0,0,0,0,0,0,0,0,0,0,0,0,0,0,0,0,0,0,0,0,0,0,0,0,0,0,0,0,0,0,0,0.00344599655400345,0.000431000431000431,0
"k__Bacteria|p__Patescibacteria|c__Saccharimonadia|o__Saccharimonadales|f__Nanogingivalaceae",0,0,0,0,0,0,0,0,0,0,0,0,0,0,0,0,0,0,0,0,0,0,0,0,0,0,0,0,0,0.0005800029000145,0,0.00213099786900213,0.000933000933000933,0
"k__Bacteria|p__Bacillota_B|c__Dehalobacteriia|o__UBA7702|f__UBA7702",0,0,0,0,0,0,0.00113399886600113,0.000212998509010437,0.00147399852600147,0,0,0,0,0,0,0,0,0,0,0.000494004940049401,0,6.3999808000576e-05,0,0,0,0,0,0,0,0,0,0,0,0
"k__Bacteria|p__Verrucomicrobiota|c__Lentisphaeria|o__Victivallales|f__UBA1829",0,0,0,0.00013500027000054,0.00196,0.000155999376002496,6.5999934000066e-05,0,4.2999957000043e-05,0,0,0,0,0,0,0,0,0,0,0,0,0,0,0.00031400157000785,0,0,0,0,0,0,0,0,0,0
"k__Bacteria|p__Bacteroidota|c__Bacteroidia|o__Bacteroidales|f__CAJPTX01",0,0,0,0,0,0,0,0,0.000221999778000222,0,0,0,0,0,0,0,0,0,0,0,0,0,0,0,0,0,0,0,0,0.00128300641503208,0.00045499909000182,0.000261999738000262,0,0
"k__Bacteria|p__Bacillota_B|c__Dehalobacteriia|o__UBA4068|f__UBA4068",0,0,0,0,0,0,0.000373999626000374,0.000213998502010486,0.000384999615000385,9.4000564003384e-05,0.000208,0.000238999761000239,0,0,0.000103000515002575,0,0,0,0,0.0001490014900149,5.8999705001475e-05,0,0,0.000173000865004325,0,0,0,0,0.000202,0,0,0,0,0
"k__Bacteria|p__Bacillota_A|c__Clostridia|o__Oscillospirales|f__Feifaniaceae",0,0,0,0,0,0,0,0,0.00100599899400101,0,0,0,0,0,0,0,0,0,0,0.000680006800068001,0,0,0,0,0,0,0,0,0.00046,0,0,0,0,0
"k__Bacteria|p__Patescibacteria|c__Saccharimonadia|o__Saccharimonadales|f__UBA10027",0,0,0,0,0,0,0,0,0,0,0,0,0,0,0,0,0,0,0,0,0,0,0,0,0,0,0,0,0,0.00193300966504833,0,0,0,0
"k__Bacteria|p__Bacillota_A|c__Clostridia|o__Lachnospirales|f__Cellulosilyticaceae",0,0,0,0,0,0,0,0,0,0,0,0,0,0.00188300753203013,0,0,0,0,0,0,0,0,0,0,0,0,0,0,0,0,0,0,0,0
"k__Bacteria|p__Verrucomicrobiota|c__Kiritimatiellia|o__RFP12|f__UBA1067",0,0.00143801294211648,0.00039800199000995,0,0,0,0,0,0,0,0,0,0,0,0,0,0,0,0,0,0,0,0,0,0,0,0,0,0,0,0,0,0,0
"k__Bacteria|p__Bacillota_A|c__Clostridia|o__Eubacteriales|f__Anaerofustaceae",0,0,0,0,0,0,0,0,0,0.000194001164006984,0,0,0,0,0,0,0.000338002704021632,0,0,0.0002640026400264,0,0.000247999256002232,0,0,0,0,0,0,0,0,0,0,0,0.00078000312001248
"k__Bacteria|p__Bacillota_A|c__Clostridia|o__Oscillospirales|f__QAKW01",0,0,0,0,0,0,0,0,0.000146999853000147,0,0.000344,0,0,0,0,0,0,0,0,0.0002370023700237,0,0.000112999661001017,0,0.000561002805014025,0,0,0,0,0.000422,0,0,0,0,0
"k__Bacteria|p__Bacillota_A|c__Clostridia|o__Christensenellales|f__QALW01",0,9.70008730078571e-05,0,0,0,0,0.000147999852000148,8.2999419004067e-05,0,0,0,0,0,0,0,0,0,0,0,0.0012280122801228,0,0.000122999631001107,0,0.000127000635003175,0,0,0,0,0,0,0,0,0,0
"k__Bacteria|p__Bacillota|c__Bacilli|o__Staphylococcales|f__Staphylococcaceae",0,0,0,0,0,0,0,0,0,0,0,0,0,0.000762003048012192,0,0,0,0,0,0,0,0.000705997882006354,0,0,0,0,0,0,0,0,0,0.000261999738000262,0,0
"k__Archaea|p__Thermoplasmatota|c__Thermoplasmata|o__Methanomassiliicoccales|f__Methanomethylophilaceae",0,0.000501004509040581,0.000429002145010725,0,0,0,0,0,0,0,0,0,0,0,0,0,0,0,0,0,0,0,0,0.0007960039800199,0,0,0,0,0,0,0,0,0,0
"k__Bacteria|p__Desulfobacterota|c__Desulfobulbia|o__Desulfobulbales|f__Desulfobulbaceae",0,0,0,0,0,0,0,0,0,0,0,0,0,0,0,0,0,0,0,0,0,0,0,0,0,0,0.000434,0,0,0.0001880009400047,0.00016999966000068,0.000187999812000188,0.000731000731000731,0
"k__Bacteria|p__Bacillota_A|c__Clostridia|o__HGM11327|f__HGM11327",0,0,0,0,0,0,0,0,0.000696999303000697,0.000149000894005364,0.000248,0.000588999411000589,0,0,0,0,0,0,0,0,0,0,0,0,0,0,0,0,0,0,0,0,0,0
"k__Bacteria|p__Bacteroidota|c__Bacteroidia|o__Flavobacteriales|f__UBA1820",0,0,0,0,0,0,0.000500999499000501,0.000238998327011711,0.000667999332000668,0,0,0,0,0,0,0,0,0,0,0,0,0,0,0,0,0,0,0,0.000269,0,0,0,0,0
"k__Bacteria|p__Bacillota_A|c__Clostridia|o__UMGS1810|f__UMGS1810",0,0,0,0,0,0,0.00129399870600129,0.000288997977014161,0,0,0,0,0,0,0,0,0,0,0,0,0,0,0,0,0,0,0,0,0,0,0,0,0,0
"k__Bacteria|p__Bacillota_A|c__Clostridia|o__Christensenellales|f__UMGS416",0,0,0,0,0.000128,0,0,0,0,0.000209001254007524,0.000209,0.00048999951000049,0,0,0,0,0,0,0,0.0003270032700327,5.8999705001475e-05,0,0,0,0,0,0,0,0,0,0,0,0,0
"k__Bacteria|p__Bacillota_G|c__DTU025|o__DTUO25|f__HGM14224",0,0,0,0,0,0,0.000153999846000154,0,0.000158999841000159,0.000116000696004176,0.000469,0,0,0,9.3000465002325e-05,0,0,0,0,0.000140001400014,0,0,0,9.000045000225e-05,0,0,0,0,0.000188,0,0,0,0,0
"k__Bacteria|p__Bacillota_A|c__Clostridia|o__Oscillospirales|f__UMGS1783",0,0,0,0,0,0,0.000381999618000382,0,0.000308999691000309,0,0,0,0,0,0,0,0,0,0,0.0003950039500395,0,0,0,0,0,0,0,0,0.000184,0,0,0,0,0
"k__Bacteria|p__Patescibacteria|c__Saccharimonadia|o__Saccharimonadales|f__Nanoperiomorbaceae",0,0,0,0,0,0,0,0,0.000130999869000131,0,0,0,0,0,0,0,0,0,0,0,0,0,0,0,0,0,0,0,0,0.00051800259001295,0,0.000320999679000321,0.000272000272000272,0
"k__Bacteria|p__Patescibacteria|c__Saccharimonadia|o__Saccharimonadales|f__SDRK01",0,0,0,0,0,0,0,0,0,0,0,0,0,0,0,0,0,0,0,0,0,0,0,0,0,0,0,0,0,0.00123800619003095,0,0,0,0
"k__Bacteria|p__Bacillota_A|c__Clostridia|o__Christensenellales|f__HGM11417",0,0,0,0,0,0,0.000378999621000379,0,0.000147999852000148,0,0,0,5.1999948000052e-05,0,0,0,0,0,0,7.90007900079001e-05,0,0,0,0.000139000695003475,0,0,0,0,0,0,0,0,0,0.000334001336005344
"k__Bacteria|p__Bacillota_A|c__Clostridia|o__HGM11514|f__HGM11514",0,0,0,0,0,0,0,0,0,0,0,0,0.00106499893500107,0,0,0,0,0,0,0,0,0,0,0,0,0,0,0,0,0,0,0,0,0
"k__Bacteria|p__Bacillota|c__Bacilli|o__Bacillales|f__Bacillaceae",0,0,0,0,0,0,0,0,0,0,0,0,0.00102899897100103,0,0,0,0,0,0,0,0,0,0,0,0,0,0,0,0,0,0,0,0,0
"k__Bacteria|p__Bacillota_A|c__Clostridia|o__Christensenellales|f__Maliibacteriaceae",0,0.000158001422012798,0,0,0,0,0.000215999784000216,0.000166998831008183,0.000216999783000217,0,0,0,0,0,0.000113000565002825,0,0,0,0,0,0,0,0,0,0,0,0,0,0,0,0,0,0,0
"k__Bacteria|p__Synergistota|c__Synergistia|o__Synergistales|f__Synergistaceae",0,0,0,0,0,0,0,0,0.000248999751000249,0,0,0,0,0.00028000112000448,0,0,0,0,0,0,0.000172999135004325,0,0,8.1000405002025e-05,0,0,0,0,0,0,0,0,0,0
"k__Bacteria|p__Bacillota_B|c__Dehalobacteriia|o__UBA4068|f__UBA4997",0,0,0,0,0.000125,0,0.000147999852000148,0,0.000118999881000119,0,0,0,0,0,0,0,0,0,0,0,0,0,0.000298997608019136,4.80002400012e-05,0,0,0,0,0,0,0,0,0,0
"k__Bacteria|p__Pseudomonadota|c__Alphaproteobacteria|o__Rhizobiales|f__Xanthobacteraceae",0,0,0,0,0,0,0,0,0,0,0,0,5.0999949000051e-05,0,0,0,0,0,0,0,0,0,0,0,0,0,0.000323,0.000177999288002848,5.5e-05,0,0,0,0.000128000128000128,0
"k__Bacteria|p__Bacillota_A|c__Clostridia|o__Lachnospirales|f__Vallitaleaceae",0,0,0,0,0,0,0,0,0,0,0,0,0,0,0,0,0,0,0,0,0,0,0,0,0,0,0,0,0,0,0,0.000623999376000624,0,0
"k__Bacteria|p__Bacillota_A|c__Clostridia|o__UBA1381|f__UMGS1253",0,0,0,0,0,0,0.000304999695000305,0,0,0,0,0,0.000274999725000275,0,0,0,0,0,0,0,0,0,0,0,0,0,0,0,0,0,0,0,0,0
"k__Bacteria|p__Bacillota_A|c__Clostridia|o__Eubacteriales|f__Eubacteriaceae",0,0,0,0,0,0,0,0,0,0,0,0,0,0,0,0,0,0,0,0,0.000240998795006025,0.000265999202002394,0,0,0,0,0,0,0,0,0,0,0,0
"k__Bacteria|p__Bacillota|c__Bacilli|o__Bacillales|f__Anoxybacillaceae",0,0,0,0,0,0,0,0,0,0,0,0,0,0,0,0,0,0,0,0.000471004710047101,0,0,0,0,0,0,0,0,0,0,0,0,0,0
"k__Bacteria|p__Pseudomonadota|c__Gammaproteobacteria|o__Cardiobacteriales|f__Cardiobacteriaceae",0,0,0,0,0,0,0,0,0,0,0,0,0,0,0,0,0,0,0,0,0,0,0,0,0,0,0,0,0,0.000461002305011525,0,0,0,0
"k__Bacteria|p__Bacillota_A|c__Clostridia|o__Saccharofermentanales|f__DTU023",0,0,0,0,0,0,0,0,0.000442999557000443,0,0,0,0,0,0,0,0,0,0,0,0,0,0,0,0,0,0,0,0,0,0,0,0,0
"k__Bacteria|p__Bacillota_A|c__Clostridia|o__Christensenellales|f__CALWSW01",0,0.000212001908017172,0,0,0,0,0,0,8.6999913000087e-05,0,0,0,0,0,0,0,0,0,0,0.000140001400014,0,0,0,0,0,0,0,0,0,0,0,0,0,0
"k__Bacteria|p__Verrucomicrobiota|c__Verrucomicrobiae|o__Opitutales|f__UBA9783",0,0,0,0,0,0,0,0,0,0,0,0,0,0,0,0,0,0,0,0,0,0,0,0,0.000338997966012204,0,0,0,0,0,0,0,0,0
"k__Bacteria|p__Bacillota_I|c__Bacilli_A|o__Acholeplasmatales|f__Anaeroplasmataceae",0,0,0,0,0,0,0,0,0,0,0,0,0,0,0,0,0,0,0,0,0,0,0,0,0,0,0,0,0.000305,0,0,0,0,0
"k__Bacteria|p__Bacillota_I|c__Bacilli_A|o__Mycoplasmatales|f__Metamycoplasmataceae",0,0,0,0,0,0,0,0,0,0,0,0,0,0,0,0,0,0,0,0,0,0,0,0,0,0,0,0,0,0,0.000302999394001212,0,0,0
"k__Bacteria|p__Bacillota_A|c__Clostridia|o__Oscillospirales|f__QAMX01",0,0,0,0,0,0,0,0,0,0,0,0,0,0,0,0,0,0,0,0,0,0,0,0,0,0,0,0,0.000243,0,0,0,0,0
"k__Bacteria|p__Pseudomonadota|c__Gammaproteobacteria|o__Xanthomonadales|f__Xanthomonadaceae",0,0,0,0,0,0,0,0,0,0,0,0,0,0,0,0,0,0,0,0,0,0,0,0,0,0,0,0,0,0,0,0.000185999814000186,0,0
"k__Bacteria|p__Spirochaetota|c__Spirochaetia|o__Sphaerochaetales|f__Sphaerochaetaceae",0,0.000102000918008262,7.800039000195e-05,0,0,0,0,0,0,0,0,0,0,0,0,0,0,0,0,0,0,0,0,0,0,0,0,0,0,0,0,0,0,0
"k__Bacteria|p__Pseudomonadota|c__Gammaproteobacteria|o__Pseudomonadales|f__Pseudomonadaceae",0,0,0,0,0,0,0,0,0,0,0,0,0,0.000125000500002,3.800019000095e-05,0,0,0,0,0,0,0,0,0,0,0,0,0,0,0,0,0,0,0
"k__Bacteria|p__Actinomycetota|c__Actinomycetes|o__Actinomycetales|f__Microbacteriaceae",0,0,0,0.000109000218000436,0,0,0,0,0,0,0,0,0,0,0,0,0,0,0,0,0,0,0,0,0,0,0,0,0,0,0,0,0,0
"k__Bacteria|p__Pseudomonadota|c__Alphaproteobacteria|o__Acetobacterales|f__Acetobacteraceae",0,0,0,0,0,0,0,0,0,0,0,0,0,0,0,0,0,0,0,0,0,0,0,0,0,0.000104999685000945,0,0,0,0,0,0,0,0
"k__Bacteria|p__Actinomycetota|c__Actinomycetes|o__Actinomycetales|f__Brevibacteriaceae",0,0,0,0,0,0,0,0,0,0,0,0,0,0,0,0,0,0,0,0,0,0.000101999694000918,0,0,0,0,0,0,0,0,0,0,0,0
"k__Bacteria|p__Bacillota_I|c__Bacilli_A|o__RFN20|f__CAG-449",0,0,0,0,0,0,0,0,0,0,0,0,0,0,0,0,0,0,0,0,0,0,0,0,0,0,0,0,8.9e-05,0,0,0,0,0
"k__Bacteria|p__Bacillota_A|c__Clostridia|o__Christensenellales|f__GCA-900066905",0,0,0,0,5.4e-05,0,0,0,0,0,0,0,0,0,0,0,0,0,0,0,0,0,0,0,0,0,0,0,0,0,0,0,0,0
